 ID,Name,Laulun kuvake,Video url,audio instrumental,Aiheet,audio,Tulosteet,Nuotit,järjestysnumero,Created,Updated
58,MIKÄ MAA?,"{'url':'6b4af9d7b02e7efe3bc84aa4396f8207a2d4694edd7a0d7d028b6474ad40ea82.png','size':13308,'width':512,'height':512,'filename':'MUOK_Mikä maa?.png','metadata':{'width':512,'height':512,'blurHash':'emQ^5Q%M~XkC9Z-qofNGWBj[%3WBM{xbt7oyj[t7fjj[%3j[Ioayt7','blurHashWidth':32}}",https://player.vimeo.com/video/916478882,"{'url':'c3ee03695d28ba737ffaf64ec61bf8792418c8e85bed1d393e32fae0add839d1.mp3','size':7151198,'filename':'MikÃ¤ maa__KARAOKE.mp3'}",YHTEISKUNTA & YMPÄRISTÖ,"{'url':'3e71d0ca1a27b0e08d791e417aa322338709a00b3d8080ecf4f8b15244ee20ab.m4a','size':6015089,'filename':'Mikä maa_.m4a'}",,"{'url':'22eecd7704a1dc29cc1c6e4daf05df18b7a1fcdb95eb4a1a74210866c09805c4.pdf','size':194267,'filename':'Mikä maa_.pdf'}",58,2024-02-03T10:40:33.827Z,2024-09-30T17:40:55.441Z
57,UUTISET,"{'url':'faf7552660e90ba18009832028b972be7dd26623003fd92adcd794734d10a6fc.png','size':68243,'width':676,'height':676,'filename':'MUOK_Uutiset.png','metadata':{'width':676,'height':676,'blurHash':'eQSY?X-;%h%Mxu-;j[a|ayay?wayITt7RP%Mj[j[ofofMxofofRjt7','blurHashWidth':32}}",https://player.vimeo.com/video/937884840,"{'url':'2301f7df840441fc089272d39f4c37e009e50006947e0514d220e1427312a6b9.mp3','size':8093216,'filename':'Kielinuppu_Uutiset 2024-10-18 instr-St.mp3'}",YHTEISKUNTA & YMPÄRISTÖ,"{'url':'cddc15171271969c885e000cbcd8c65f6b7e8278f0b49848f35d111b73e8388f.mp3','size':8014916,'filename':'Uutiset.mp3'}","{'url':'1103d12593bcd31e791b1e46a910bfcd99fa2be46f4be6e7edaf408377c45705.pdf','size':599379,'filename':'Uutiset.pdf'}","{'url':'627d1125d5c87422e4da11d86421f0838716f2f9d9132716630e18de097ee62c.pdf','size':374737,'filename':'Uutiset.pdf'}",57,2024-02-03T10:40:07.346Z,2024-10-30T11:36:19.696Z
56,KIERRÄTÄMME,"{'url':'2f6f7846c11f2677f6d9f1340f97206b3422f96b994b00347a0ba6852df4b51d.png','size':53975,'width':676,'height':676,'filename':'MUOK_Kierrätämme.png','metadata':{'width':676,'height':676,'blurHash':'ekP7Rat7~Xxu-=bYj[t7j[j[^-ofITfQIn%NfPayj[WB-;j[InayoM','blurHashWidth':32}}",https://player.vimeo.com/video/938097622,"{'url':'886bc64b475e3d72350d860661b2852eab22926520a3bc946da3f65cef9ba061.mp3','size':7884416,'filename':'Kierrätämme_KARAOKE.mp3'}",YHTEISKUNTA & YMPÄRISTÖ,"{'url':'6c2374895729a7a225a76932a1aafbe394be5776b361047a0ed6cbd5c8b50665.mp3','size':7884416,'filename':'Kierrätämme.mp3'}","{'url':'64a15804649fd87ad1b4df2b99fd4f62d42346a9844245a6e0cdbf44775c1a08.pdf','size':1913178,'filename':'Kierrätämme.pdf'}","{'url':'81bf4aa7820ec34ae3977e0abb6301ba01940973c6462a558cde05df666756d3.pdf','size':168323,'filename':'Kierratamme.pdf'}",56,2024-02-03T10:39:37.801Z,2024-09-30T17:41:15.388Z
55,JUHLIA JUHLITAAN,"{'url':'bd7a5619956498f9adb9f528efcfc80e3d1b786729e1995cc9cd19f770259415.png','size':66972,'width':676,'height':676,'filename':'MUOKJuhlia juhlitaan.png','metadata':{'width':676,'height':676,'blurHash':'ePSFw.-p*0%g$L-=ofW-kWf6?^S5Q-sANx%yX7enVra~xJs;NsWVs9','blurHashWidth':32}}",https://player.vimeo.com/video/940834425,"{'url':'365db9a938524a058711e681016348e0c4950f12fda20e206736e3823d52a9f8.mp3','size':7073228,'filename':'Kielinuppu_Juhlia juhlitaan 2024-10-18 instr-St.mp3'}",YHTEISKUNTA & YMPÄRISTÖ,"{'url':'cba9d910bd5dce15cce6aa20d40df8daa93391c537201c69cf63afea0ca24a8e.mp3','size':7007456,'filename':'Juhlia juhlitaan.mp3'}","{'url':'43c96c7be1e6da29cedf41bd18a644a0839eb787d80d9b62ce37f43541dd20e1.pdf','size':1033127,'filename':'Juhlia juhlitaan.pdf'}","{'url':'cc4d51ab6f0c7b564389edd8c3c161792ae09a16f9d8df5cd5c7d116f2d93198.pdf','size':198082,'filename':'Juhlia juhlitaan.pdf'}",55,2024-02-03T10:39:18.052Z,2024-10-18T13:26:17.416Z
54,AMMATIT,"{'url':'61cc62d70ae832d5da93fa8d6b58d74ef04544cc8934301b91157e60ec96360c.png','size':62733,'width':676,'height':676,'filename':'MUOK Ammatit.png','metadata':{'width':676,'height':676,'blurHash':'eqR3K7xa_N%MD%%2f6S5kCe.%Nj[Mxaet7T0fk$zj?R-x]j]M{aeoz','blurHashWidth':32}}",https://player.vimeo.com/video/940646994,"{'url':'d564afa1df39d4b3088bc8d597daa74da9e00c78f9d07c94d022dea18781801e.mp3','size':6211835,'filename':'Ammatit_KARAOKE.mp3'}",YHTEISKUNTA & YMPÄRISTÖ,"{'url':'d892e001405dbdfdf183ae70d9443d367b0413d3e404c5ccbd449c7778eb6796.m4a','size':5121482,'filename':'Ammatit.m4a'}","{'url':'eb1b557b4c7d33d612b52c91d49a6b0b70f67c93075b1d3197ab23f268b0b8ef.pdf','size':1627002,'filename':'Ammatit.pdf'}","{'url':'0f2a8a9e6fc18d007a1a66aa8bb22c475101c29bb15c0f11caa482e84032a42c.pdf','size':172461,'filename':'Ammatit.pdf'}",54,2024-02-03T10:38:47.629Z,2024-10-22T12:03:49.058Z
53,MISSÄ KASVAA PUNAINEN KUKKA?,"{'url':'15cc5fead737781a8d63c85de03e99e6fb4a10488256cda457f4d147d95dd71b.png','size':38935,'width':676,'height':676,'filename':'Missä kasvaa punainen_2.png','metadata':{'width':676,'height':676,'blurHash':'eWSYpyx^ys%Lw0,[n$pIkDRO%~slQ-WZSfyqXAQ-nNx^kWazV@j?of','blurHashWidth':32}}",https://player.vimeo.com/video/940390105,"{'url':'51415d14e60f89298243c89015cda80ab1dc10e55a4e15ef29c8cf004870b96e.mp3','size':3606905,'filename':'MissÃ¤ kasvaa punainen kukka_KARAOKE.mp3'}",VÄRIT & MATERIAALIT,"{'url':'bd012b873f72fe51928fac3bc1fcb2a37e507046bba5e9315867f1633ad68620.mp3','size':3599590,'filename':'15. Missä kasvaa punainen kukka.mp3'}","{'url':'db129674bb6d5d6056d5cbb07b6b3a8c6de6c9145c312ec94a279edf22601729.pdf','size':1175147,'filename':'Missä kasvaa punainen kukka.pdf'}","{'url':'9c58a906ab725fb83e7c8ff54c1d391fe2901ba3b4698746a4bbad1e92977a23.pdf','size':121139,'filename':'Missä kasvaa punainen kukka_.pdf'}",53,2024-02-03T10:37:24.071Z,2024-10-30T11:33:57.782Z
52,MOLEMMAT,"{'url':'5a8f82eb1cb4b9e40ef9a3d659fdd10816d0ab23ec3fff8222b970b25e9b2df7.png','size':74160,'width':512,'height':512,'filename':'MUOK_Molemmat.png','metadata':{'width':512,'height':512,'blurHash':'ewPQHSt7~qxuM__3ofInWVWB%MjuM{j[kCWUayaKf6xuxuj[ofj[Rj','blurHashWidth':32}}",https://player.vimeo.com/video/937866178,"{'url':'f55417a6fadfac83a0154b4d28b997304a8d76728492b8e0c798c33cf182bca0.mp3','size':6422816,'filename':'Molemmat_KARAOKE.mp3'}",KIELELLINEN HARJOITTELU,"{'url':'c613cf380a89e65f4bdf9197bf4917fbf00e1e271d5fbf8384befba8fd1c9979.mp3','size':6422816,'filename':'Molemmat.mp3'}",,"{'url':'9b5286dd23397c7b0c6a6a65364dd91b754395e08667e954869b0c9df0880fe6.pdf','size':142930,'filename':'Molemmat.pdf'}",52,2024-02-03T10:37:05.250Z,2024-10-18T13:27:03.621Z
51,VUOROTELLEN,"{'url':'467da64d1abc7ad1347740ce4fbfced0d0335553d7846dd6ee3b81ba9e95f1e6.png','size':97659,'width':676,'height':676,'filename':'MUOK_Vuorotellen.png','metadata':{'width':676,'height':676,'blurHash':'ebRyKVwbxu%g.T%LjFRPWCo#.To#WBjrR4tRj]tRofVrxuW;RjjFRj','blurHashWidth':32}}",https://player.vimeo.com/video/938170646,"{'url':'45587b3713e153a1320354a1958c4e317e5fd3a6f87dd6b14ea8b220c44433d6.mp3','size':6164815,'filename':'Vuorotellen_k.mp3'}",TUNNETAIDOT & HYVÄT TAVAT,"{'url':'e210d5765613628af7ddd18f7a0dd5bb88a3d3082cdfb6fc51f0c3a41b08266e.mp3','size':6164815,'filename':'Vuorotellen_master.mp3'}","{'url':'ed08dc4a9f3838e4298746999951ac7623bcf86c8bfa96a33f36c730243c9a8d.pdf','size':1180155,'filename':'Vuorotellen.pdf'}","{'url':'cf3ab961991fc141d2683450eaf15a0137cacff680dd029e485a69a8fba01f23.pdf','size':30556,'filename':'Vuorotellen.pdf'}",51,2024-02-03T10:36:15.235Z,2024-10-24T10:58:19.928Z
50,SANO EI,"{'url':'da777eb5f610182d641e4f831a3fe599a85d65f04754e911e23c13463757427a.png','size':156172,'width':676,'height':676,'filename':'MUOK_Sano ei.png','metadata':{'width':676,'height':676,'blurHash':'esQJAqxt_N%Mfk.7V@afozM{x]t8RPRjWAx]bHRijZt8t7jYV@a#kC','blurHashWidth':32}}",https://player.vimeo.com/video/936792716,"{'url':'1c3f0793f77f9e6bfb6f1349ea5a1a02c1abf2cad7691aaaa69ee64cb9aa997e.mp3','size':7576472,'filename':'Sano ei_k.mp3'}",TUNNETAIDOT & HYVÄT TAVAT,"{'url':'a9ad524e309854416cd10a01f76e43ec86c353c03706f6338038d6ddcffecde9.mp3','size':7576472,'filename':'Sano ei_master.mp3'}",,"{'url':'79688627c0a387543bfdef8b5e23c0d5463be846da579f1abb18685f49969803.pdf','size':41502,'filename':'Sano ei.pdf'}",50,2024-02-03T10:35:54.733Z,2024-10-21T18:15:31.424Z
49,MILTÄ TUNTUU NALLESTA?,"{'url':'b064b7354e5e2a3c462bffe3e4fcab3baf3071557d9e2f60cc1818e47d9cc1b3.png','size':32824,'width':512,'height':512,'filename':'MUOK_Miltä tuntuu nallesta?.png','metadata':{'width':512,'height':512,'blurHash':'ewSYgWxu*0xtR4xuj[ayj[kCtmf6ROj[ozxuj[ayj[f6tSf6Vsj[kC','blurHashWidth':32}}",https://player.vimeo.com/video/938131480,"{'url':'3141692c6e2fd90fad9be879ca06853245aa8c565076465daf6357daa7b41a21.mp3','size':8508521,'filename':'Miltä tuntuu nallesta__KARAOKE.mp3'}",TUNNETAIDOT & HYVÄT TAVAT,"{'url':'808d4cfb0116a445005e8e4bed324c38b42be9d9ed3c0148d2dcce862129d466.m4a','size':7039823,'filename':'Miltä tuntuu nallesta_.m4a'}","{'url':'ffa904444cf2ebcadc1b19f19e424d0ecf23ac0ccf37469d2d36fecd81a47aeb.pdf','size':1618173,'filename':'Miltä tuntuu nallesta.pdf'}","{'url':'0a745b4dbf5718398c9976e5b836b5f06c02ad16008a6457d79e725d096b2edc.pdf','size':149313,'filename':'Miltä tuntuu nallesta_.pdf'}",49,2024-02-03T10:35:19.168Z,2024-10-30T11:24:01.155Z
48,MINÄ AUTAN SINUA,"{'url':'faeebf8d0e7860a162fa6fc813757c4403e96650bd754fd3d61a09f72a338ce8.png','size':87133,'width':512,'height':512,'filename':'MUOK_Minä autan sinua.png','metadata':{'width':512,'height':512,'blurHash':'euReQ|xu?^t7Sz*IaKa1o}Vs%#XmM{r?enw0jFVsWBo}XSniofWVbb','blurHashWidth':32}}",https://player.vimeo.com/video/911970711,"{'url':'db0dc25f0b7a4afd768259b50d90b3e1091d99101197bc2b57656f5ad95824d3.mp3','size':6637880,'filename':'Minä autan sinua_KARAOKE.mp3'}",TUNNETAIDOT & HYVÄT TAVAT,"{'url':'7684493580ca12ccfb3164bab2b5ef142cb6cb0ea54481f9737eca42714292c5.mp3','size':6637880,'filename':'Minä autan sinua.mp3'}",,"{'url':'94e295392f405005908601cccb4ced4ff23faad7833b61b58117d0b331b24935.pdf','size':117230,'filename':'Mina autan sinua.pdf'}",48,2024-02-03T10:35:07.098Z,2024-09-30T17:42:30.575Z
47,KIUKUN KESYTYS,"{'url':'18077a491b1d930ad65052941b63f392332daaec9a80d47f8abaedb04f94e3d3.png','size':162344,'width':676,'height':676,'filename':'MUOK_Kiukun kesytys.png','metadata':{'width':676,'height':676,'blurHash':'etNm$tt7~qx[ni~pj[RkofRP?Hj@M{a#R*NLj[MxWBxuxuj]xaf6of','blurHashWidth':32}}",https://player.vimeo.com/video/911812188,"{'url':'74f4c8fa020f81f93ca1b997be7d085f2e1906aef2080251c468127b86b13f6c.mp3','size':8365700,'filename':'Kiukun kesytys_KARAOKE.mp3'}",TUNNETAIDOT & HYVÄT TAVAT,"{'url':'74dc438a429c5d4542fc0c04651ab29f20b0b5b39392c1b0ba24f7a6646461e3.mp3','size':8367788,'filename':'Kiukun kesytys.mp3'}",,"{'url':'18ac4dac293d4c368dc0bacc870b0500f9cdb4e451009c11259edf42853e9d88.pdf','size':216615,'filename':'Kiukun kesytys.pdf'}",47,2024-02-03T10:34:29.456Z,2024-09-30T17:42:37.716Z
46,HIENOJA SANOJA ON PALJON,"{'url':'20d03fe6f1cd8c359ab2eb826af2bfe947df4342c1ceff49a0bd96fe63bf0d8b.png','size':120275,'width':676,'height':676,'filename':'MUOK_Hienoja sanoja on paljon.png','metadata':{'width':676,'height':676,'blurHash':'exQ08Zt7_NxuWA_MofIUf7M{XSayjEj@kDr]f7WBayxux]j[Rjazae','blurHashWidth':32}}",https://player.vimeo.com/video/940644250,"{'url':'9a84079f627c0e31e11a4b378da5b33e5d946ac46a40152390d4eb60e740b402.mp3','size':6220194,'filename':'Hienoja sanoja on paljon_KARAOKE.mp3'}",TUNNETAIDOT & HYVÄT TAVAT,"{'url':'d031fef34db74756fd849b66e02ce1533dc01e564a0b077a6b6ce4580e60876e.mp3','size':6210790,'filename':'9. Hienoja sanoja on paljon.mp3'}",,"{'url':'6fec82ba1a45621ea345d7db05fe839e3410e5708d37d46aed1ca22bbee1dcee.pdf','size':173965,'filename':'Hienoja sanoja on paljon.pdf'}",46,2024-02-03T10:33:40.079Z,2024-10-04T10:51:41.969Z
45,TALVILAULU,"{'url':'72f44ad7b6a7754390115004199a5be8f76b283bff0972c15330d51c18ab6aaf.png','size':103463,'width':1024,'height':1024,'filename':'MUOK_Talvilaulu.png','metadata':{'width':1024,'height':1024,'blurHash':'efNwi;S$_3xZ-p9aRP-ptRj@~q%1n$ozM{-o%MW=M{WW%2M|M{t6WB','blurHashWidth':32}}",https://player.vimeo.com/video/911551241,"{'url':'7a76b362c9001d21717d9df1764988ef94c65ef39d07bd17ba4d25d29d633955.mp3','size':5858012,'filename':'Kielinuppu_Talvilaulu 2024-10-18 instr-St.mp3'}",SÄÄ & VUODENAJAT,"{'url':'fc9ac8f4b83246c860e8b388f317bb5d5ba39c2e4e96c7a1d58d4d0c90813f2d.mp3','size':5871584,'filename':'Talvilaulu 2023-11-30PM_PRINT-St.mp3'}",,"{'url':'0459ff6b848ed510c5f1f2f4b5d93fe2d20915f5ebca0ee5bc4d8146a6e2a056.pdf','size':29256,'filename':'Talvilaulu.pdf'}",45,2024-02-03T10:19:12.983Z,2024-10-21T09:05:27.190Z
44,NELJÄ VUODENAIKAA,"{'url':'0c94f88b51f47492cc766dca05ba3d927ac2d726a92016eaec3115535d30cfe9.png','size':85716,'width':676,'height':676,'filename':'MUOK_Neljä vuodenaikaa.png','metadata':{'width':676,'height':676,'blurHash':'eiR{S#s+.T%#og-;V@Rjo}j]%$kCMwadkCaJoztRVsj[x^ozV@V?Vs','blurHashWidth':32}}",https://player.vimeo.com/video/916428637,"{'url':'aaf4412c19a8b8508d54708cbafef9f59bc68b5d4430f5948f11bef1f17cb47f.mp3','size':8088472,'filename':'NeljÃ¤ vuodenaikaa_KARAOKE.mp3'}",SÄÄ & VUODENAJAT,"{'url':'0715c87af249f332157790119fde4c7ceceba7b2a84e094c122a6b46a825e9e1.mp3','size':8039362,'filename':'3. Neljä vuodenaikaa.mp3'}","{'url':'50d0d8b946ee624ddacd4d7ee172c891872678825467923455b64af2e178bf37.pdf','size':1120187,'filename':'Neljä vuodenaikaa.pdf'}","{'url':'127a47844cc41bac9160287e98ba0552f2d24f780bb986d356afed005322c212.pdf','size':199105,'filename':'Neljä vuodenaikaa.pdf'}",44,2024-02-03T10:18:52.937Z,2024-10-17T11:16:07.587Z
43,MILLAINEN SÄÄ ON TÄNÄÄN?,"{'url':'0089ba54cb2125aa9d1b01a1c39d8d7caaaebe9855a8e399c6fc72efdb11cb26.png','size':32732,'width':512,'height':512,'filename':'MUOK_Millainen sää on tänään?.png','metadata':{'width':512,'height':512,'blurHash':'eXRyd0%#?wrWt6t8ads,kXofyEROR4yDj[?GW=Ndslae-:j[M{j[WB','blurHashWidth':32}}",https://player.vimeo.com/video/916422868,"{'url':'a5531e571969743c9ab215935c2dc629dcab5e4a2a50523489320e8412800407.mp3','size':6178398,'filename':'Millainen sää on tänään_KARAOKE.mp3'}",SÄÄ & VUODENAJAT,"{'url':'12347e024bd24f3bfaf980ac267080c6f115aca0867f6a32ca2e7468a78b4f15.mp3','size':6170039,'filename':'18. Millainen sää on tänään.mp3'}","{'url':'420c073ec127f672d15377e260a046c0890507655e426a47f5ea072d5a68b32d.pdf','size':2159931,'filename':'Millainen sää on tänään.pdf'}","{'url':'949f0b6b1a3572ee58836db85ade83a7a5188aff92d4a1a31a763593601b7daa.pdf','size':142107,'filename':'Millainen sää on tänään_.pdf'}",43,2024-02-03T10:18:21.298Z,2024-10-30T11:21:59.875Z
42,TEHDÄÄN RUOKAA,"{'url':'c93ccc0351c9188752125ca76825f773cfb78343322ae5aa23b54b3ed2fbe08b.png','size':63402,'width':676,'height':676,'filename':'MUOK_Tehdään ruokaa.png','metadata':{'width':676,'height':676,'blurHash':'eQRfh2%M_4-;%M-;ofayWBjt_NofD%WCM{-=WBWAoza}xuWBRjofj[','blurHashWidth':32}}",https://player.vimeo.com/video/940012905,"{'url':'3fff9c47a17a34831435111d57c67eb0d139c8c5e14f596d74f81cc8dba2a6d8.mp3','size':7574382,'filename':'Tehdään ruokaa_k.mp3'}",RUOKA & RUOKAILU,"{'url':'93b4ba617519930af220c53b4ecb22378b0804677aec7ba1ddcbb12e21b24567.mp3','size':7574382,'filename':'Tehdään ruokaa_master.mp3'}","{'url':'a2c7a113e1feb26f0d86ff36fe6e107dc9d2ea9ed0c54e701fc4d09cd5d6a0b6.pdf','size':903049,'filename':'Tehdään ruokaa.pdf'}","{'url':'ee7c25104ea5568fd8ffbbac75c344a6c998bd6dbfad93e2e546171665e09e97.pdf','size':39266,'filename':'Nuotit_Tehdään ruokaa.pdf'}",42,2024-02-03T10:17:01.932Z,2024-10-16T15:05:35.871Z
41,MARJAT,"{'url':'8bc27cff3c3fb4086bc51b2b4861489cd94ce9e85cd274945ec077bc4e95bdb7.png','size':49500,'width':676,'height':676,'filename':'MUOK_Marjat.png','metadata':{'width':676,'height':676,'blurHash':'erSYQ{xa*0x]V?oyfks;jFW.uObbQ,jFbH-pjZS1f+niwKj[NtWBt7','blurHashWidth':32}}",https://player.vimeo.com/video/924933180,"{'url':'fe044422772d1bb725a45e48da5eaef5c88e73dd3013752f009a625e1e1b7d49.mp3','size':6401936,'filename':'Marjat_KARAOKE.mp3'}",RUOKA & RUOKAILU,"{'url':'b5fe8ccdf813d5d5f767c5a323e9d845a04bf592f9d23061780c651f018a7c34.mp3','size':6401936,'filename':'Marjat.mp3'}",,"{'url':'9e7ca81741fc60bc8ab0b5045c9891b2689f5ac752b1fcf74e54cea1faf67953.pdf','size':226670,'filename':'Marjat.pdf'}",41,2024-02-03T10:16:33.455Z,2024-10-17T10:19:44.829Z
40,RUOKAILU ALKAA,"{'url':'6cfe0b714e7b7111d79562f9026a6b6e6ccaa054d88cda750f745c9ea32b4285.png','size':61930,'width':676,'height':676,'filename':'MUOK_Ruokailu alkaa.png','metadata':{'width':676,'height':676,'blurHash':'enSh_zxt*0x]WBt8juo}kCaJtmfkVsayj@%1j[V?jYkYtmj]V?ayad','blurHashWidth':32}}",https://player.vimeo.com/video/916431164,"{'url':'125844a7eb49cebe2ec0f40af0b45060271e5c18cf18f2b80ca0b96b44c3ee19.mp3','size':3942317,'filename':'Ruokailu alkaa_KARAOKE.mp3'}",RUOKA & RUOKAILU,"{'url':'1aad788d9d173aa6dca3fb17921958c8b972024aa85ffb7ad33b15c75f16013e.mp3','size':3940227,'filename':'8. Ruokailu alkaa.mp3'}","{'url':'8572bb4a56319ba7590f159ae4f41a30b6f2299448e73f638b233ca7d3f6f210.pdf','size':591364,'filename':'Ruokailu alkaa.pdf'}","{'url':'5238eb41e68121159b9616d5fac7f58bfc6a97bc49a24315d7eef450fc881224.pdf','size':117884,'filename':'Ruokailu alkaa.pdf'}",40,2024-02-03T10:16:04.278Z,2024-09-30T17:43:38.586Z
39,HEDELMÄKORI,"{'url':'5c1c5c400cd8e4519b373f0c9804c2354d87802143c3c6867c0ba9d9b3923490.png','size':58111,'width':676,'height':676,'filename':'MUOK_Hedelmäkori.png','metadata':{'width':676,'height':676,'blurHash':'eqSY5N%2y?kps:Xlt7sCRiofp{bbiIjFV@-VRjS#t8WB$+RjNFs;bv','blurHashWidth':32}}",https://player.vimeo.com/video/916482087,"{'url':'15e54fc40ea46ed059d18846ec9b2f1a8e12e7ce7bd14a03393d09f7b6a186c6.mp3','size':7085370,'filename':'HedelmÃ¤kori_KARAOKE.mp3'}",RUOKA & RUOKAILU,"{'url':'15e642d34d90a4bdfe76ab26472a982bffcec739f56938490b19af74f18a4d1a.mp3','size':7068651,'filename':'12. Hedelmäkori.mp3'}",,"{'url':'67618a3d9e1b96f87ccba2859260735dcbc4535c55b55fbe7883cdc3072fa2da.pdf','size':126085,'filename':'Hedelmäkori.pdf'}",39,2024-02-03T10:15:45.894Z,2024-10-22T12:02:57.476Z
38,RENTOUTUSLAULU,"{'url':'ae67c66b14e4e0bed874dbc6bc8df5ac75ac90d6926bf045a51f244e18aac341.png','size':51253,'width':676,'height':676,'filename':'MUOK_Rentoutuslaulu.png','metadata':{'width':676,'height':676,'blurHash':'eLT99R.8kr-qo#-;o#jsadkCyZV[Z~oxWA.7RNa~o#WBR3kCkrahjF','blurHashWidth':32}}",https://player.vimeo.com/video/941687533,"{'url':'cc19418b64a97765347674f9e72e5286a61b4725272a2080d92a27a0cc4d42b9.mp3','size':9273386,'filename':'Rentoutuslaulu_k.mp3'}",KEHO & LIIKUNTA,"{'url':'36ae77dfded706dcef7f6fcbfaff50f9d226803400a28861e6c1fe52fe83a7f7.mp3','size':9273386,'filename':'Rentoutuslaulu_master.mp3'}","{'url':'10df3381001e8c8cbec7690773510336e01615b087e119ff9121dc21ea3e669e.pdf','size':604118,'filename':'Rentoutuslaulu.pdf'}","{'url':'e9d43d76a1a3191faba5882394f6513e3811aadd2049c7bff6f4eacef2f2ca5a.pdf','size':335494,'filename':'Rentoutuslaulu.pdf'}",38,2024-02-03T10:15:13.262Z,2024-10-21T13:43:15.950Z
37,RAKENNETAAN SAMPOA,"{'url':'23b388998fff57ed483f0913f8217e933c930f0c70076afeffe9b944eb36eced.png','size':40098,'width':676,'height':676,'filename':'MUOK_Rakennetaan Sampoa.png','metadata':{'width':676,'height':676,'blurHash':'eGSF@T?b~q%#kC^+E1R*^+of?HfkD%s:%M%g-;%29FM{-;Wqays:9F','blurHashWidth':32}}",https://player.vimeo.com/video/940638527,"{'url':'98853bf2555c0256d300ea3bbe7f7fe45c361c8a4e4725b75cba2808fc713f81.mp3','size':7364358,'filename':'Rakennetaan Sampoa_KARAOKE.mp3'}",YHTEISKUNTA & YMPÄRISTÖ,"{'url':'aa7f27556f5037ddfe2959dd7bb52fdbd50ed822e7bdc767730b22470dbaa659.m4a','size':6198856,'filename':'Rakennetaan Sampoa.m4a'}","{'url':'67d7987cb79ff82de08df76d2af658aea54294300d56e336f5009a583f92fc90.pdf','size':511950,'filename':'Rakennetaan Sampoa.pdf'}","{'url':'c5a978dd57062ec5876b49f4498ea9a52938025ff51a7a584e10eb3849a39747.pdf','size':145430,'filename':'Rakennetaan Sampoa.pdf'}",37,2024-02-03T10:14:06.576Z,2024-09-30T17:44:08.121Z
36,MITÄ TÄMÄ ON?,"{'url':'f2b4883dda4c8112a72ad491bcdceb29abe6cd154adf7ae9c4b3f13067aa8ccc.png','size':69568,'width':512,'height':512,'filename':'MUOK_Mitä tämä on?.png','metadata':{'width':512,'height':512,'blurHash':'e#QvRfkX-;%2tQ%MfQWBjta|_Mr?IVW=V@WBkCofWpj[MyoznjRjbu','blurHashWidth':32}}",https://player.vimeo.com/video/916427391,"{'url':'442cb6b60f0670b52e353873f6c825dbcd5e2ec9f98028446306ce8a35bc549c.mp3','size':7355998,'filename':'MitÃ¤ tÃ¤mÃ¤ on__KARAOKE.mp3'}",VÄRIT & MATERIAALIT,"{'url':'4036f5189ec388df4db2ab41ade1b23a123a40e74e0fbd5b5314a6734de95cf1.m4a','size':6081835,'filename':'Mitä tämä on_.m4a'}",,"{'url':'8bb37928a5bcde98c062bbbb2c6fbeddef2861049f5e21ff54aeabf891966ff6.pdf','size':117121,'filename':'Mitä tämä on_.pdf'}",36,2024-02-03T10:13:39.464Z,2024-09-30T17:44:16.223Z
35,VERTAILULAULU,"{'url':'25dc3daf3adc7a997f43c895440cf370894c4f9ce052e6627ecc13ad5f429bf5.png','size':128186,'width':676,'height':676,'filename':'MUOK_Vertailulaulu.png','metadata':{'width':676,'height':676,'blurHash':'eVRp2p-;_Nt7Vs?bWBSOofRP.8WBIUofbHSOofslj[x]%gWBRPozbb','blurHashWidth':32}}",https://player.vimeo.com/video/916484444,"{'url':'534286f9330a35511fa24ff99ebab167e90a28d012e9541cca588e03d85256ac.mp3','size':9789566,'filename':'Vertailulaulu_KARAOKE.mp3'}",MATEMAATTINEN AJATTELU,"{'url':'85b73c19866b89f965a7949efcc909e1bb409ed8090b7f06b2e26593316aa45c.m4a','size':8085035,'filename':'Vertailulaulu.m4a'}",,"{'url':'a6262cfaa42fbcac26adc410e704fed35fc97080e37c19617d048f3a783089ba.pdf','size':423310,'filename':'Vertailulaulu.pdf'}",35,2024-02-03T10:12:31.940Z,2024-09-30T17:44:24.848Z
34,OPITAAN NUMEROITA,"{'url':'d2cce29402c9e8510da64e6dc219900f36e24d0a86b8de5b0e613fffc22cd155.png','size':36962,'width':676,'height':676,'filename':'MUOK_Opitaan numeroita.png','metadata':{'width':676,'height':676,'blurHash':'e9S$r*~qxu~qxa~qoffQofj[-;ayxaofWB~qofj[azay-oj[M{s:NG','blurHashWidth':32}}",https://player.vimeo.com/video/940372137,"{'url':'f5e1cef710e4247f07446061ef3037bac97b217a4f22eb787c1541a1a9bdc555.mp3','size':6292292,'filename':'Opitaan numeroita_KARAOKE.mp3'}",MATEMAATTINEN AJATTELU,"{'url':'631b8ee75ad49cdf3ec0e5a9e200d528032570b283e5675616b7ce0f808c0da6.m4a','size':5157487,'filename':'Opitaan numeroita.m4a'}","{'url':'f2a84f036386004a71412498e16b3b9889099191c72a5a500d9c2f4443f62b46.pdf','size':1810900,'filename':'Opitaan numeroita.pdf'}","{'url':'6d785e0e7e1cbad5c1b9d09c7be7c6703d899cac4c0e6c9e49a4bf201b71669c.pdf','size':212738,'filename':'Opitaan numeroita.pdf'}",34,2024-02-03T10:12:04.017Z,2024-10-30T11:14:33.737Z
33,MISSÄ NALLE ON?,"{'url':'458b86ee958cea9a0e61bc8c8e64c841931fd5420834f54732e0deb351a801a9.png','size':135089,'width':676,'height':676,'filename':'MUOK_Missä nalle on?.png','metadata':{'width':676,'height':676,'blurHash':'e;O:X}-p-=oftRt7fkkCj[js?wR-M{oLV?t7f6f6fQj[x]V@Rjoffk','blurHashWidth':32}}",https://player.vimeo.com/video/916423692,"{'url':'35ebf23fac1587d8cec2390e104d30d0fc85952546df322cb40f2723bb609ad2.mp3','size':7565996,'filename':'Missä nalle on__KARAOKE.mp3'}",MATEMAATTINEN AJATTELU,"{'url':'1ed859af65623fd0a90041ad86d2e66db4ae3a907d4ef7188f3ef81b3a6794f0.mp3','size':7565996,'filename':'Missä nalle on_.mp3'}","{'url':'9fa5220fd666cc19e9251afee2d518c495012ce627bc52cdc6e5f8e13440d836.pdf','size':623999,'filename':'Missä nalle on.pdf'}","{'url':'df6e4c539def439bb1baf13b931bd592db3721737e64055e5689aa906bb18087.pdf','size':139333,'filename':'Missa nalle on.pdf'}",33,2024-02-03T10:11:33.638Z,2024-10-17T10:14:18.806Z
32,HARJOITELLAAN MUOTOJA,"{'url':'7ffad3bbb7301dc0adbc7e89065914e33310e14e3c7e2f4279917a34c48fc826.png','size':31649,'width':676,'height':676,'filename':'MUOK_Harjoitellaan muotoja.png','metadata':{'width':676,'height':676,'blurHash':'egRMG1%2-=tm.8PCotxCV|wb?vX9M{ngMx}RVzJCtJK5yEWTRioMRP','blurHashWidth':32}}",https://player.vimeo.com/video/911966120,"{'url':'ecab3fecd7ef9a798a56f67e8e76e4bb6f59ecd246788c495f5f1223ec94f0e5.mp3','size':6174344,'filename':'Harjoitellaan muotoja_KARAOKE.mp3'}",MATEMAATTINEN AJATTELU,"{'url':'eac2bbc49b31d45d6de86491ea3b3075a375988aff382195762f44c4ff3eeba8.mp3','size':6174344,'filename':'Harjoitellaan muotoja.mp3'}",,"{'url':'11ffc73ec59581afe40b984b6df637fdd4ebb65164f4232a3d9482e20211e73c.pdf','size':163543,'filename':'Harjoitellaan muotoja.pdf'}",31,2024-02-03T10:10:57.296Z,2024-10-17T11:38:02.476Z
31,KULKUNEUVOJA,"{'url':'db0ade1621d8448d6e3094142bb0144e41691e3e440f89e6b4469440c8af815a.png','size':58985,'width':676,'height':676,'filename':'MUOK_Kulkuneuvoja.png','metadata':{'width':676,'height':676,'blurHash':'ePS6GN%MyD-;%g?bj[ofofRj_NbIR5jZM{W;bHV@jZxun4oLXSWVWU','blurHashWidth':32}}",https://player.vimeo.com/video/941129632,"{'url':'88c1a62b0231b0a9043f2b66e5b6f5e4446c3af1c40afa5e0c8df0994b528858.mp3','size':3749011,'filename':'Kulkuneuvoja_KARAOKE.mp3'}",YHTEISKUNTA & YMPÄRISTÖ,"{'url':'b6e5d1ca338a26677be288523c82a8c8d25618285be94377fdde9bba2baa78f4.mp3','size':3747966,'filename':'6. Kulkuneuvoja.mp3'}","{'url':'930abc6189f2a48ef6204d1721e59ddf3b03dcab33e791d02d60fd9528292ae4.pdf','size':873455,'filename':'Kulkuneuvoja.pdf'}","{'url':'4746f72134b43ca091514ccdfa5cf861d2127170bf5f728614795ec56fc0ff85.pdf','size':185613,'filename':'Kulkuneuvoja.pdf'}",31,2024-02-03T10:09:19.811Z,2024-10-17T11:11:09.439Z
30,PERHE ON HIENO JUTTU,"{'url':'753662a999d30857d35c879cac280c56a02cb1eb2238e827099658b5875c32bc.png','size':100473,'width':676,'height':676,'filename':'MUOK_Perhe on hieno juttu.png','metadata':{'width':676,'height':676,'blurHash':'ekRoZ}s:*0xux^tRofs:WBa}*0t7VrWpRPxFaebIbHj]ozbHV?jYjZ','blurHashWidth':32}}",https://player.vimeo.com/video/940648933,"{'url':'e47290006732418d24183f435b346f3810bb70eebd3a02cc49376418bae7b766.mp3','size':6359166,'filename':'Perhe on hieno juttu_KARAOKE.mp3'}",KOTI & PERHE,"{'url':'936daf74e4858c54ab0713512813548e2b3221f67ca5d4194f45ef9968de1dd0.mp3','size':6349762,'filename':'10. Perhe on hieno juttu.mp3'}","{'url':'f9f894747b0b6cfb55b97462ed29a51b103b14cabf8d1e056c4f3a951d05622c.pdf','size':2140149,'filename':'Perhe on hieno juttu.pdf'}","{'url':'58a5fbce96523914a3f208d0516c727757fb98368ba6f685b9528b31a4a3c2cc.pdf','size':95252,'filename':'Perhe on hieno juttu.pdf'}",30,2024-02-03T10:08:51.421Z,2024-10-30T11:05:02.027Z
29,NALLEN TALO,"{'url':'e836a0d0a81ff0b57a31b11c94822b12869fdb2901d1b5aae4d6556dbc502707.png','size':89464,'width':676,'height':676,'filename':'MUOK_Nallen talo.png','metadata':{'width':676,'height':676,'blurHash':'erRe]UxuyExutT$kjuX8WVW.*0fkVsWVV?TcbHsBo2n,t,juaKbHV@','blurHashWidth':32}}",https://player.vimeo.com/video/940650579,"{'url':'4aa0dbabf8f5a0b12cf925355d8ae104f800248bc5cea22d5beeb48bf7cc97a4.mp3','size':7010588,'filename':'Kielinuppu_Nallen talo v2 2024-10-18 instr-St.mp3'}",KOTI & PERHE,"{'url':'d619ffa8ae4b0f37e812015649ff22b1c7af448570fe145055114801977dff5c.mp3','size':6977180,'filename':'Nallen talo.mp3'}","{'url':'3ef75b5faa79fdec6c3e7122e3d6d4078b484038ea7639beb87edd4777c2bff0.pdf','size':1389526,'filename':'Nallen talo.pdf'}","{'url':'b675d6462e33e1464c1aafb308355b8e1b2e5dcfbf3b12941b2313b9dfae2d2b.pdf','size':222595,'filename':'Nallen talo.pdf'}",29,2024-02-03T10:08:30.643Z,2024-10-25T12:49:53.221Z
28,IHMINEN ON KEKSINYT KONEITA,"{'url':'c5e67988ec77c209a2652512cb7f6d15d07adcf25cbccd3a677f78665fa95121.png','size':65543,'width':676,'height':676,'filename':'MUOK_Ihminen on keksinyt koneita.png','metadata':{'width':676,'height':676,'blurHash':'ebRVe6=|.mkqt7,rMxb^x]ay%~S#a0rrRPyrx]VYaJaepIn%VsbvkW','blurHashWidth':32}}",https://player.vimeo.com/video/940649218,"{'url':'8cc07417b1097a021bf73088e19d03a4c7099ae053a2870b5cf6b48cc81a19a5.mp3','size':7179716,'filename':'Kielinuppu_Ihminen on keksinyt koneita 2024-10-18 instr-St.mp3'}",KOTI & PERHE,"{'url':'c536c7b48ea74d656aeec95e6e4810480a7c38ef7a31fc644e3c7cd14110355e.mp3','size':7047128,'filename':'Ihminen on keksinyt koneita.mp3'}","{'url':'df24568c0eb60efc0efa6f169336c7bbb0b2f5e3a65b309bc0484d124473a38b.pdf','size':989822,'filename':'Ihminen on keksinyt koneita.pdf'}","{'url':'58ca3448212f6195455a2988a2a91363d0c6b5075de81e96f8f95e232350ea4e.pdf','size':230715,'filename':'Ihminen on keksinyt koneita.pdf'}",28,2024-02-03T10:08:03.534Z,2024-10-18T06:05:07.832Z
27,TAIVAALLA ON KUU,"{'url':'34e50c23c255d4b4d66475214324c90325bd2ed805ddb762c322d9b1735b8cd9.png','size':50686,'width':676,'height':676,'filename':'MUOK_Taivaalla on kuu.png','metadata':{'width':676,'height':676,'blurHash':'eaRp8y?c?JITt8x[e-aekWkD^-InIT%NWA-=W=Wno2adNFs;ogbFax','blurHashWidth':32}}",https://player.vimeo.com/video/940015683,"{'url':'619e2cacc57ec81d4637e67de916b2f320baa0772f35d08d738ae838ac57f979.mp3','size':2489909,'filename':'Taivaalla on kuu_k.mp3'}",KIELELLINEN HARJOITTELU,"{'url':'fab0eeb16a1d4ea861b0cb8b8abbc78eaca2906e108880efec655cccf5e046a7.mp3','size':2489909,'filename':'Taivaalla on kuu_master.mp3'}","{'url':'45bf34e040cb5ed2ab76b6ee21cba16fecd89b1563dd17bed7c058cd50901c6a.pdf','size':511992,'filename':'Taivaalla on kuu.pdf'}","{'url':'c822dd533b32e68bdbb2f50c98adc240deb1573931fa9c6f35c2550e0c9d8493.pdf','size':30702,'filename':'Nuotit_Taivaalla on kuu.pdf'}",27,2024-02-03T10:06:43.860Z,2024-10-17T10:47:16.877Z
26,RIIMEJÄ,"{'url':'21376aa820201eba765bcc1ef9b0541fccf32ce848cc80d70431e45a50c8f59b.png','size':62409,'width':676,'height':676,'filename':'MUOK_Riimejä.png','metadata':{'width':676,'height':676,'blurHash':'eMS~S7+wt,*Ju4%Mo}o}kWjuy?X-VYq^VY?bR5VYnjX7t7kWgMkWae','blurHashWidth':32}}",https://player.vimeo.com/video/937735130,"{'url':'a8e8829e04104ad5a49de86a8e8c8873575c64e9d3daad606cf0ee18135fe698.mp3','size':6966251,'filename':'Riimejä_k.mp3'}",KIELELLINEN HARJOITTELU,"{'url':'10c91be4fa60287c40c8fdbb7c25d6e8f783bd7852d781bee6e57fbe41695695.mp3','size':6966251,'filename':'Riimejä_master.mp3'}","{'url':'c198b97df37503309b31bdf20b3b9525aab30b7200c82b8d84a528c58c49d14a.pdf','size':1086853,'filename':'Riimejä.pdf'}","{'url':'48039bc4a32102dd377789d9be7ba4cf351236ef4fa56612da68ccc674f86cf3.pdf','size':388722,'filename':'Riimejä.pdf'}",26,2024-02-03T10:06:13.818Z,2024-10-24T11:42:36.871Z
25,KEHONOSIA,"{'url':'add3fc4f0864e5484986aa612b5e499182f1c412378046ca912598e13047807d.png','size':141855,'width':676,'height':676,'filename':'MUOK_Kehonosia.png','metadata':{'width':676,'height':676,'blurHash':'erRo$[t7?w%MMx%gfRadofV@x]ofRPRkkC%2ofV@WBkWtRayRjoLoy','blurHashWidth':32}}",https://player.vimeo.com/video/1016737352,"{'url':'049f8aa2a38bb319f407e2027a83c1879da3ac48ace559d4e7eec33c000adbae.mp3','size':7918153,'filename':'Kehonosia_K.mp3'}",KEHO & LIIKUNTA,"{'url':'0206ce156fe621df432f65cbd712535b82a00fef5c9414c3bc53147d06e654b9.mp3','size':7918153,'filename':'Kehonosia_master.mp3'}",,"{'url':'fbb5f2ab622f6be72f61e345dfdcc9e7fef6ad84b9ce3e5ac4e76805dc98b0ec.pdf','size':223076,'filename':'Nuotit_Kehonosia.pdf'}",25,2024-02-02T13:44:16.341Z,2024-10-21T08:37:15.842Z
24,VIISI AISTIA,"{'url':'b40c34860a80528fd0d1e1c948e815c3c78fd0d1d1218e7cdcabacf03db4c63f.png','size':161047,'width':676,'height':676,'filename':'MUOK_Viisi aistia.png','metadata':{'width':676,'height':676,'blurHash':'esQI_C%M_Ns:bF-;RPV@ozV@x]ozV@WBV@-;ozNFjuj]X9WBjEt7kD','blurHashWidth':32}}",https://player.vimeo.com/video/940957951,"{'url':'1cb2794750e7d03ba800af5fda66a592b0a160b41d6ee1d51f1dd4a418ffe273.mp3','size':6149141,'filename':'Viisi aistia_KARAOKE.mp3'}",KEHO & LIIKUNTA,"{'url':'a99328db0f099b116e966557bfcf5e7485ef082d945a7226fe9617a2c89a6150.mp3','size':6097941,'filename':'19. Viisi aistia.mp3'}",,"{'url':'4513519b2a9ff23805246bd038bd5d8b28dfc8266a1fbc066346b50fb1980421.pdf','size':179855,'filename':'Viisi aistia.pdf'}",24,2024-02-02T13:44:00.950Z,2024-10-04T12:56:36.439Z
23,MISSÄ ON SUN SILMÄT?,"{'url':'0d24164d353d930f27256c47f00f9f045038016f4f6ad2832f527f93642c0e5f.png','size':84559,'width':512,'height':512,'filename':'MUOK_Missä on sun silmät?.png','metadata':{'width':512,'height':512,'blurHash':'etR37uxu_NxuM{%gayV@kCRjx]bHM{oJofx]j[V@axozofj@WBWBof','blurHashWidth':32}}",https://player.vimeo.com/video/936729542,"{'url':'de22e4eada42df0d619df0618c1a5bab36f0d239a07f652b9013b9d40f3084d0.mp3','size':7193288,'filename':'Missä on sun silmät_KARAOKE.mp3'}",KEHO & LIIKUNTA,"{'url':'9b8bee25ca848dd4b71072e164855ab3e8ac42e86909c34138c8c9ee56079ea0.mp3','size':7193288,'filename':'Missä on sun silmät.mp3'}","{'url':'1e6b7936a8f3520f58b84414e9338ed61d6b21d33aa2e0f6493947017861ea50.pdf','size':2715955,'filename':'Missä on sun silmät.pdf'}","{'url':'9f5873c824f4fca7646595151f6f0ead0c5cb01c026e997b4d2b36bfb5de2cde.pdf','size':123006,'filename':'Missa on sun silmat.pdf'}",23,2024-02-02T13:43:30.953Z,2024-10-30T11:33:33.766Z
22,TAIDAN OLLA KIPEÄ,"{'url':'0c067c6da4b311ca154b957810c24fc541546ff461f144bd61837b5416665f3c.png','size':46196,'width':676,'height':676,'filename':'MUOK_Taidan olla kipeä.png','metadata':{'width':676,'height':676,'blurHash':'ewSYdOxa*0x]R4xtj[j[f6j[tmj[ROaeozxuf6bHj]jZo~j[VsaxkC','blurHashWidth':32}}",https://player.vimeo.com/video/916431832,"{'url':'8c6f5138e387e68f6d91ee9af9381cb61158c20e81640a45dc29f1f0d757f194.mp3','size':3291345,'filename':'Taidan olla kipeÃ¤_KARAOKE.mp3'}",KEHO & LIIKUNTA,"{'url':'ab26304c7e1c64860081a78a8c2d453dfb3ad0ce3e3cc8a58438ae1aee434eb9.mp3','size':3281941,'filename':'13. Taidan olla kipeä.mp3'}",,"{'url':'f85456c9ba045bdc788b9cffcfcbaf54bf2b59be34369de6d9fca7258d8fcfdb.pdf','size':175725,'filename':'Taidan olla kipeä.pdf'}",22,2024-02-02T13:42:58.832Z,2024-11-01T08:59:40.925Z
21,LIIKUTAAN,"{'url':'1738c6bd6b8380f5037505bf3cd59aa8f4129df907f6774a59b5fb58c83b1c6b.png','size':138024,'width':676,'height':676,'filename':'MUOK_Liikutaan.png','metadata':{'width':676,'height':676,'blurHash':'ePSF*4-p_N-;IB%2oftSWBM_%#bHMdjFoz%hayn3ozo~-pjFIoW=xa','blurHashWidth':32}}",https://player.vimeo.com/video/940838884,"{'url':'4ebe35c1745ffd658d50a175b4fd1dffc0ec1b21e0c8b6a3662038c0053d0475.mp3','size':9418627,'filename':'Liikutaan_KARAOKE.mp3'}",KEHO & LIIKUNTA,"{'url':'c1f6b8ead72702b7beecb81393cb3a6fbfe41105d8e2d3d402b445b5c280d414.m4a','size':7950197,'filename':'Liikutaan.m4a'}","{'url':'e3b76ee5051d55d376a5ab479c6a98495d123ada7d81c8655b89104cb24a9655.pdf','size':1385777,'filename':'Liikutaan.pdf'}","{'url':'9f96d951627cf73d46461d2d874b460b43ceb3601659675fdd3cb7a9631eaf29.pdf','size':153235,'filename':'Liikutaan.pdf'}",21,2024-02-02T13:42:30.419Z,2024-10-30T11:14:14.361Z
20,LIIKUNTA ON KIVAA,"{'url':'13e3842aa1384933d0d995ac3864f10731c7529e50c6ad4141431e825f6d8f32.png','size':69686,'width':676,'height':676,'filename':'MUOK_Liikunta on kivaa.png','metadata':{'width':676,'height':676,'blurHash':'ebR.}pxu?^%MR5%Mt7kCV@RP%#WVIAoftSx]WBniofXSxuoeWVbHRP','blurHashWidth':32}}",https://player.vimeo.com/video/940834866,"{'url':'a39805156da282030109d1514d4565e3560cad1bb350f800059781283c306939.mp3','size':7896211,'filename':'Liikunta on kivaa_KARAOKE.mp3'}",KEHO & LIIKUNTA,"{'url':'3d48de5d59be57fd2ffdc0015c89e1a1190dfd7a1286b5f1e681319c3fd03a99.mp3','size':7892031,'filename':'14. Liikunta on kivaa.mp3'}","{'url':'9a0d5fe249af0917cd426b227e5166a2586513d5524518768e332050d861201a.pdf','size':1945598,'filename':'Liikunta on kivaa.pdf'}","{'url':'beb227d6f6af4a993eaf832b494568ed3e124295394fdec39a59904bddb93561.pdf','size':204929,'filename':'Liikunta on kivaa.pdf'}",20,2024-02-02T13:42:15.295Z,2024-10-24T11:57:31.962Z
19,SUOMALAINEN METSÄ,"{'url':'1d611340597e2fdcd57a7e0db2a6cee5a2967df5d4ed1e593c4e265de959d768.png','size':59565,'width':676,'height':676,'filename':'MUOK_Suomalainen metsä.png','metadata':{'width':676,'height':676,'blurHash':'ebQ]vW%M?vxuxuadRPt7t7oz_NRjIAt7WB_Nt8M_WBRitRt8ayRiV@','blurHashWidth':32}}",https://player.vimeo.com/video/940635675,"{'url':'620202f258adbe4c7cf97a409bb2ba3db42c504323d0b58daed44805e9595f65.mp3','size':6129288,'filename':'Suomalainen metsÃ¤_KARAOKE.mp3'}",ELÄIMET & LUONTO,"{'url':'00aba38f64d306e98ca4a1b28ff33e743b9d5a94dcf1fe417d61cb48613e76a6.mp3','size':6124064,'filename':'17. Suomalainen metsä.mp3'}","{'url':'93366cc3363ac4742513ca2f37ca8ddf883d74cc3c9678a9c57f9495f6cdf4ad.pdf','size':1710631,'filename':'Suomalainen metsä.pdf'}","{'url':'cdd23ed6fbfe17a437f62b1b753fd1ddaeeb324ec4f18bdbf1590bc1cb9f16a9.pdf','size':111877,'filename':'Suomalainen metsä.pdf'}",19,2024-02-02T13:38:08.750Z,2024-10-30T11:04:41.142Z
18,MITÄ KISSA SANOO?,"{'url':'117d3bfc0cfc55ea68c3dbd879096dd11c20c4045e23609b4ee09520b149f725.png','size':36413,'width':512,'height':512,'filename':'MUOK_Mitä kissa sanoo?.png','metadata':{'width':512,'height':512,'blurHash':'ePR:E7%M~q?bWB?bRPRj%Mj[?bt7D%Rjxuxtt7xuM{WB%MofRjRjM{','blurHashWidth':32}}",https://player.vimeo.com/video/916425423,"{'url':'b0163b17a6768cd42487c865ccbbc73ed58e3a3c14dcc5878653e3d52f0c3453.mp3','size':8104145,'filename':'MitÃ¤ kissa sanoo_KARAOKE.mp3'}",ELÄIMET & LUONTO,"{'url':'7eb074d4ffdc2a10a1b9d733d93306d16f3a3eba5effcb1157cd7b4daf1ff2db.mp3','size':8042496,'filename':'11. Mitä kissa sanoo.mp3'}","{'url':'8c355f33e0406527f2368d9eb05be8fc8375a8cf4a13efc1220ef8969ff1511a.pdf','size':3532791,'filename':'Mitä kissa sanoo.pdf'}","{'url':'2b58e6b9a939ddacf372c0b43d782384824db0cae3bdf44e5c01bfceed10db4e.pdf','size':181422,'filename':'Mitä kissa sanoo_.pdf'}",18,2024-02-02T13:37:24.205Z,2024-10-30T11:33:05.486Z
17,HYÖNTEISET,"{'url':'00cb982de99f8d642fceb45a18a897c6c9c6d908b543b767e4587c588c0a28ca.png','size':70794,'width':676,'height':676,'filename':'MUOK_Hyönteiset.png','metadata':{'width':676,'height':676,'blurHash':'eURC=D%M~l%Nof%M%JfiIYof~loM9JWBs:%MM*az%Fj=t4j?ofoMRk','blurHashWidth':32}}",https://player.vimeo.com/video/909736504,"{'url':'cd6be12f45c074acbe583fa4bb689643c2c539d6ed9a244bdc29f6ce31792989.mp3','size':6834152,'filename':'Hyönteiset_KARAOKE.mp3'}",ELÄIMET & LUONTO,"{'url':'fa0f2fb888fefcaca8b3d746d4d29e45762e6c05bc589cc84d453b2e44e7888a.mp3','size':6834152,'filename':'Hyönteiset.mp3'}",,"{'url':'549b3a3387fdec5a4edbd9aecdec2464af3aac24c138709c20c7a66ce91f13f0.pdf','size':177940,'filename':'Hyönteiset.pdf'}",17,2024-02-02T13:36:53.816Z,2024-10-23T13:05:53.122Z
16,VESSALAULU,"{'url':'6f95d7364b0eef7422a47c8202a6e4bd956460c272105ea3f432b7bf0264ca40.png','size':65207,'width':676,'height':676,'filename':'MUOK_Vessalaulu.png','metadata':{'width':676,'height':676,'blurHash':'egSYs,xu*0%gVXxZjYkXkWadyEj[R4aybvx]kCe.aKflj[j[WBa}oz','blurHashWidth':32}}",https://player.vimeo.com/video/940039061,"{'url':'2d75c128d63106a59a6e9abd14b7fe839cb9ff73e9928d991b31657a621573f3.mp3','size':6528439,'filename':'Vessalaulu_k.mp3'}",ARJEN TAIDOT,"{'url':'705706a9568e86e7580d38cebf076781514884717fbd784ee6986b78c7cc3bee.mp3','size':6528439,'filename':'Vessalaulu_master.mp3'}","{'url':'3bcb15ebcf841f10d2df6b6bbdd3520925e856fbe2e8238aa3c8c54acacbbf61.pdf','size':1061777,'filename':'Vessalaulu.pdf'}","{'url':'00fe5e65723b4c8e43468b2700c486413e3a3fec38e72b27a3c95438e5e7f0d4.pdf','size':45734,'filename':'Nuotit_Vessalaulu.pdf'}",16,2024-02-02T13:34:57.135Z,2024-10-16T15:06:52.185Z
15,SIIVOTAAN,"{'url':'0c635b0f3aa2d005e467ab0177402182231d5a43b39080d2d1c3fc9c0347b500.png','size':41942,'width':676,'height':676,'filename':'MUOK_Siivotaan.png','metadata':{'width':676,'height':676,'blurHash':'eES~t__3%h?Go#_4RORiyEoJtRayRPaytR?GtSt8MwWXx^V?V?tSMx','blurHashWidth':32}}",https://player.vimeo.com/video/937764966,"{'url':'def89e40513ab4f1b88f093243ad5c803f59dbccc686d373145211a6bbde7b0c.mp3','size':6112570,'filename':'Siivotaan_k.mp3'}",ARJEN TAIDOT,"{'url':'441dadf32098df5ce900ca5f85507197943e6c2011d0444d088e29178bb2680e.mp3','size':6112570,'filename':'Siivotaan_master.mp3'}","{'url':'20057edc25aa22184df44dbc2ec5e756f47794ed76d45e5857f3597bd22dd821.pdf','size':784378,'filename':'Siivotaan.pdf'}","{'url':'ec645775c3d5026a495b66215ee4259ba33dd1ffe8e8c968e28d10b526e9fa27.pdf','size':354820,'filename':'Nuotit_Siivotaan.pdf'}",15,2024-02-02T13:34:40.571Z,2024-10-16T15:24:19.937Z
14,PESTÄÄN PUHTAAKSI,"{'url':'78014309592a552a0e409c4364f25aedd8731f2bcc2accb273004a6345aa6bcc.png','size':154152,'width':676,'height':676,'filename':'MUOK_Pestään puhtaaksi.png','metadata':{'width':676,'height':676,'blurHash':'eUQ]vV_N_NMx%M_4M{IUt7xu-;RjV@t7IU-;WBRjx]RjW=aeofkCfk','blurHashWidth':32}}",https://player.vimeo.com/video/916429604,"{'url':'4547899da070df47325be1fcb58ce3651f954069ab4f6466bd2c764a296554ff.mp3','size':3486741,'filename':'Pestään puhtaaksi_KARAOKE.mp3'}",ARJEN TAIDOT,"{'url':'9190863f81b8ded31bda8de3781b756636811e4f956a22f7c510b91faa227918.mp3','size':3481517,'filename':'7. Pestään puhtaaksi.mp3'}","{'url':'decdeb174367d0150d9ab3350d45ca2962753734a6eadddcffc92639b5e6851e.pdf','size':327676,'filename':'Pestään puhtaaksi.pdf'}","{'url':'d2a4f7fbf5a0affcb87274f099dc633f55b763fdd50b090c4e5e72643f12908b.pdf','size':199606,'filename':'Pestään puhtaaksi.pdf'}",14,2024-02-02T13:34:18.805Z,2024-09-30T17:37:56.881Z
13,MINÄ OSAAN AAMUTOIMET,"{'url':'34eda6b023bd23894b08f850eb28e52e23e3ab9f7ed59f2137c6ff289f8614cd.png','size':42749,'width':512,'height':512,'filename':'MUOK_Minä osaan aamutoimet.png','metadata':{'width':512,'height':512,'blurHash':'eRR{lUt-.S^3-=-UaKkWX9Wr_NrpMdTeIo%ho#aJs8s-g4XAjFi^jE','blurHashWidth':32}}",https://player.vimeo.com/video/940806926,"{'url':'61a0256c3aa8dd95462dec1c73d2cfaea09683311a156962bc634ba5c00faa78.mp3','size':5936312,'filename':'Minä osaan aamutoimet_KARAOKE.mp3'}",ARJEN TAIDOT,"{'url':'94a0643d1a1ddbf29c91f7706feca15c1af280c20eb7a0150f3f6427471cc0dc.mp3','size':5936312,'filename':'Minä osaan aamutoimet.mp3'}","{'url':'04871016a6805e61e396186cb0aa759900bc9acc54c74c67a6097cc9da05c3e0.pdf','size':925007,'filename':'Minä osaan aamutoimet.pdf'}","{'url':'f7769257ed769d3a1001f9fd84d491d289ea08020f9d92150ea0da60391e91a7.pdf','size':254237,'filename':'Mina osaan aamutoimet.pdf'}",13,2024-02-02T13:33:50.464Z,2024-09-30T17:37:40.049Z
12,MINÄ HALUAN,"{'url':'60680a33b582019c2b924ef269fe5c962c275aff1de825d40ca4881136975337.png','size':30796,'width':512,'height':512,'filename':'MUOK_Minä haluan.png','metadata':{'width':512,'height':512,'blurHash':'ejSP99x]yE%2ogxaaykCofof*0aKR4g3WA%NofWBWBV@Z~ozbcRjkD','blurHashWidth':32}}",https://player.vimeo.com/video/940664064,"{'url':'0595dd4cc7e857a8cc847d06c7ebf13f70c55d048109472357c28161a1f71b54.mp3','size':6268304,'filename':'Minä haluan_KARAOKE.mp3'}",ARJEN TAIDOT,"{'url':'5b4e49d1e694a962d49df05a0395bdb712e64bd1b335e409f3a2e271af1c13cf.mp3','size':6268304,'filename':'Minä haluan.mp3'}","{'url':'189f85c2dceba12c764e5fae1d57e7ef3122cf84ec622016dc4cf4da72799ec8.pdf','size':1899718,'filename':'Minä haluan.pdf'}","{'url':'0898aa8ffc6b0bf9705f1dc6316a8b8a1cf9b379073a06c18d48c32eb378a68e.pdf','size':130939,'filename':'Mina haluan.pdf'}",12,2024-02-02T13:33:15.025Z,2024-10-30T11:35:01.584Z
11,MENNÄÄN ULOS,"{'url':'94290da0a70ebbd0765500e46180efb49326d4bf41ac2cc068c50eeab23d09c4.png','size':89139,'width':676,'height':676,'filename':'MUOK_Mennään ulos.png','metadata':{'width':676,'height':676,'blurHash':'eySO:UxuyEn+kCxvkCf5aefk%%WXV?oeV?xZaea#kCkCV?e.Vsbco#','blurHashWidth':32}}",https://player.vimeo.com/video/940329468,"{'url':'857ad1024c896b0bfa7fbc6ae6468a6b3cfbdfc14c0225da925906a97a9714a1.mp3','size':3762594,'filename':'MennÃ¤Ã¤n ulos_KARAOKE.mp3'}",ARJEN TAIDOT,"{'url':'7298af9a32cb7e841c6a9f59da7b1d9fcf14d6a7b5a0bb9c599912df7571e4a3.mp3','size':3753190,'filename':'1. Mennään ulos.mp3'}","{'url':'3ba3e830f6e0b99bf5b56259cead1a41a1eaf7ee6028b6d9b33fdde311e74c92.pdf','size':2032908,'filename':'Mennään ulos.pdf'}","{'url':'4934b6db038aa87d2f0fbf23b5e0f1a7c25819e62ce2814b7cb0dd142a561d21.pdf','size':175199,'filename':'Mennään ulos.pdf'}",11,2024-02-02T13:32:42.549Z,2024-10-17T10:16:16.089Z
10,PUETAAN,"{'url':'a1832fc9853adf226410afdf1a49003b6aaf2642d6e1a98be7821c190136fe1f.png','size':69283,'width':676,'height':676,'filename':'MUOK_Puetaan.png','metadata':{'width':676,'height':676,'blurHash':'eeS5^h%fx]w|%h$#j[W;aeX9.TjcV@kUROlAbboLofnNxuWBWBogRP','blurHashWidth':32}}",https://player.vimeo.com/video/940947913,"{'url':'4ae9012b559953bd0a1e0509c9a2952df16fa03ce58b000a381554ca30fcb789.mp3','size':4517011,'filename':'Puetaan_KARAOKE.mp3'}",ARJEN TAIDOT,"{'url':'39046037c7da7e3ee802416b6aef8f5860d2dcaa49f7ef7a3a0a7c5d4acd948e.mp3','size':4512831,'filename':'4. Puetaan.mp3'}","{'url':'9ff8ecd5752f073a76bb9e31ac716c8b1d8de312f32e7d5b3b2e129ae170a7bf.pdf','size':1820656,'filename':'Puetaan.pdf'}","{'url':'614774537fde6ead7624ff8309a4ca12913eabe8bfcdd02ab30fc97705e17012.pdf','size':108184,'filename':'Puetaan.pdf'}",10,2024-02-02T13:31:48.577Z,2024-10-31T09:13:17.490Z
9,LÄHDETÄÄN YHDESSÄ,"{'url':'c049ddf20f28eabba8f5e55d7279493e240d01933b9e15320fbb40e1485c5d64.png','size':78500,'width':676,'height':676,'filename':'MUOK_Lähdetään yhdessä.png','metadata':{'width':676,'height':676,'blurHash':'ecRV,]x^%gxWx^%Mt7WXWCoK?wn$RPo#RhtlNGoJt6WBtQaKWUWVae','blurHashWidth':32}}",https://player.vimeo.com/video/937854873,"{'url':'3a20138abe915bf6b483fb0d5b174396e4fd4a3d42d54cfba8d05e17676e07d1.mp3','size':5545190,'filename':'LÃ¤hdetÃ¤Ã¤n yhdessÃ¤_KARAOKE.mp3'}",ARJEN TAIDOT,"{'url':'155ec3df04ff4b45d100dddfd1805ff8a0e1cd40a96edddd60a8f3e6b76c7b7e.mp3','size':5528472,'filename':'5. Lähdetään yhdessä.mp3'}","{'url':'319bdec86735d433ef00090773c7eda98a2f2ec089e4b4399c9fea94a1070bec.pdf','size':1929680,'filename':'Lähdetään yhdessä.pdf'}","{'url':'de37a8958d3f81be6b67066a6e9e77001aa250cea44a2b0da5d2236d7ba55331.pdf','size':170045,'filename':'Lähdetään yhdessä.pdf'}",9,2024-02-02T13:31:11.523Z,2024-10-22T12:44:18.370Z
8,ASKARTELULAULU,"{'url':'608f6286823ffa4fd56b060027fa754c73cd1b272454a14db04148da89b8a968.png','size':84034,'width':676,'height':676,'filename':'MUOK_Askartelulaulu.png','metadata':{'width':676,'height':676,'blurHash':'eRR{us%#-p?GyD?wR4kVtRROxss.RjX9NHt7o~oMV=tQ%hofNFV@r?','blurHashWidth':32}}",https://player.vimeo.com/video/940943340,"{'url':'82c2e73727a5aa065e14157703bea04401a0546513ba2d76b54a4faebf3bc333.mp3','size':4483574,'filename':'Askartelulaulu_KARAOKE.mp3'}",ARJEN TAIDOT,"{'url':'d8966cad998496fb241b874f22601392844267a448e98e2faec64a5bc4dd4864.mp3','size':4467900,'filename':'16. Askartelulaulu.mp3'}","{'url':'2322a47e15469ef7937f4bb7fe57037691d0f6cd7b8d2b8e64240fea651e3f7a.pdf','size':813273,'filename':'Askartelulaulu.pdf'}","{'url':'cf4f388bf9f89f90810f8ed9afac344fe1c2811b3b57ba3d2178f638a906aff0.pdf','size':117957,'filename':'Askartelulaulu.pdf'}",8,2024-02-02T13:14:36.262Z,2024-09-30T17:36:47.849Z
7,KUUKAUSILORU,"{'url':'9023cbaeeed9c7f0a603f034a6ef443da40986231709cbdb6ccdc380251ec3ce.png','size':73540,'width':676,'height':676,'filename':'MUOK_Kuukausiloru.png','metadata':{'width':676,'height':676,'blurHash':'erRW0Dw^=~x]X.kZr?s%S$W=yGkVW9e:aI%ES$WawIni$ka%NZn}WB','blurHashWidth':32}}",https://player.vimeo.com/video/940019271,"{'url':'3de368c001ee8a4f9b485bbccbe287d8df71ba1d9ace534e2452cc67167af49f.mp3','size':3647656,'filename':'Kuukausiloru_K.mp3'}",AIKAKÄSITTEET,"{'url':'3bb8881dc8eafd437b829fe55c746512883f5a609957212194d9116acf60e032.mp3','size':3647656,'filename':'Kuukausiloru_master.mp3'}","{'url':'6f7564236c823168cbc3166385a274f0c21a2846acbcaaef62e2d833f0995162.pdf','size':715243,'filename':'Kuukausiloru.pdf'}","{'url':'0b796e98b4ad1cf9cff3adfb215ff8463ceb7f91354082cea6b49cacbc217657.pdf','size':25776,'filename':'Nuotit_Kuukausiloru.pdf'}",7,2024-02-02T13:14:13.876Z,2024-10-16T15:04:40.305Z
6,VIIKONPÄIVÄSOPPA,"{'url':'274ec36337fcc8f5451a6b6ef899dd945cc34c59a80e1b3c1cdfb364ca4a8887.png','size':69694,'width':676,'height':676,'filename':'MUOK_Viikonpäiväsoppa.png','metadata':{'width':676,'height':676,'blurHash':'eMSiT[%NkX-:n$t6W.aejYk8.TXQemfAX5_Ns;o}kWaPxYwMkCkCjK','blurHashWidth':32}}",https://player.vimeo.com/video/918807560,"{'url':'4b821b2085f9b7b6ac7d458d4243930ab3259232eee08a3ba7c77f96fe25b25e.mp3','size':4940194,'filename':'ViikonpÃ¤ivÃ¤soppa_KARAOKE.mp3'}",AIKAKÄSITTEET,"{'url':'99456ac67733fdae10d4c90e45c1102e5673e6db95a90e91aca3f2a04eb9d313.mp3','size':4893174,'filename':'2. Viikonpäiväsoppa.mp3'}","{'url':'f7287e7c15de5fc42dd1e411e43595d8e671a8d228abd2e21785e27640a54b51.pdf','size':1930698,'filename':'Viikonpäiväsoppa.pdf'}","{'url':'59b811dbe5da3e7d84376bbdb005539e487599b0fbd6bbb80414fb3fdb9e7d70.pdf','size':130756,'filename':'Viikonpäiväsoppa.pdf'}",6,2024-02-02T13:13:12.488Z,2024-09-30T17:36:29.088Z
5,VUOROKAUSI,"{'url':'945614fbd40cc5434d5ff0613fb0339bfb8eaafa1019b6e16abe8118015ce367.png','size':60803,'width':676,'height':676,'filename':'MUOK_Vuorokausi.png','metadata':{'width':676,'height':676,'blurHash':'eaS~eT%2pf%Mng%2j[flj[jspfj]itf5WY%Nj[jYj[ayngfPWYaykD','blurHashWidth':32}}",https://player.vimeo.com/video/936682890,"{'url':'d9e417c0eb7eb501b78138e9662ea180905627c77c858ba2b5d7431d1ec0c0e5.mp3','size':7784407,'filename':'Vuorokausi_KARAOKE.mp3'}",AIKAKÄSITTEET,"{'url':'8305b82c54d21cc4040e31a84e8ebefb41ac88dc372788fe8f66151b4840994f.m4a','size':6466895,'filename':'Vuorokausi.m4a'}",,"{'url':'5aeeb6b241bf5c4770cf250fd484c69846eae77b53850452de07615d8617299c.pdf','size':132378,'filename':'Vuorokausi.pdf'}",5,2024-02-02T13:12:03.162Z,2024-10-20T09:21:28.486Z
4,KUUKAUSILAULU,"{'url':'4f82dcda476ad905a9721a3fe5b4aabb93cccbac04c5ceaa4ef9dfb30f3b891c.png','size':55988,'width':676,'height':676,'filename':'MUOK_Kuukausilaulu.png','metadata':{'width':676,'height':676,'blurHash':'eoRysLxF-rx]Xoo%r?sjSiX8yGg2RhjGZ~%ES$S7wIni$ia$NZn#fk','blurHashWidth':32}}",https://player.vimeo.com/video/938091710,"{'url':'797e5e4cce507ced7f8a0247f6fbf3eeb29c8b0950dc3b6127b915819d3f9ea5.mp3','size':7255688,'filename':'Kuukausilaulu_KARAOKE.mp3'}",AIKAKÄSITTEET,"{'url':'609dae4a784727b65a181e4057c7908e8baa9c5d17c6ae7d3964ecbeecc8472d.m4a','size':5976977,'filename':'Kuukausilaulu.m4a'}",,"{'url':'b0d65ccf6cb8fb50c1e88409d4b36069ec8fc9ccdc35ebfbc6b62c3a71e49142.pdf','size':225071,'filename':'Kuukausilaulu.pdf'}",4,2024-02-02T13:11:19.737Z,2024-09-30T17:36:07.346Z
3,LEIKIT,"{'url':'af41b419d9156f4c401d28d6461e15013fb956e2fc56a42b3fd17a45b5201a17.png','size':52886,'width':676,'height':676,'filename':'MUOK_Leikit.png','metadata':{'width':676,'height':676,'blurHash':'eXRV^H~B.8I;%M-qbbkVi_RP~XEMM{-VIUxosEV_bWxuM{w[aKSitQ','blurHashWidth':32}}",https://player.vimeo.com/video/916421833,"{'url':'cda9c75ec5965c83330d89f540549774ecf3c17603e58730aabd8040451b9a14.mp3','size':6692168,'filename':'Leikit_KARAOKE.mp3'}",ARJEN TAIDOT,"{'url':'1ce9a982f9aed4470064a078d6cb23d3859a31d004bddfc7161eaa276617219b.mp3','size':6692168,'filename':'Leikit.mp3'}","{'url':'7c232e624195a091a7f1519b706bae8418d2d32c97a01bb54f60b0c67a157610.pdf','size':2360764,'filename':'Leikit.pdf'}","{'url':'6b22e63a3d67ad6f7b9375d97525f06dd670811c763da5853557819e4d2564f9.pdf','size':179896,'filename':'Leikit.pdf'}",3,2024-02-02T11:31:35.078Z,2024-10-30T11:11:01.258Z
2,KELLO ON YKSI,"{'url':'495a95f1774445a3edb80af249191f687742605a35cd48f5f09d91c6a0d999cb.png','size':98288,'width':676,'height':676,'filename':'MUOK_Kello on yksi.png','metadata':{'width':676,'height':676,'blurHash':'eeRoplZh%M.8yD?^tlR5MdR5%Mt7bvXRR%iwbbtRs:oztlRjRPozt7','blurHashWidth':32}}",https://player.vimeo.com/video/911803948,"{'url':'39c6dc7253a817e7c1523bc8f316bc189ca96697949243c289b5d6bcfcec0763.mp3','size':8796872,'filename':'Kello on yksi_KARAOKE.mp3'}",AIKAKÄSITTEET,"{'url':'0f32428a3d70b7a03de314d03274199252e7814d3fc8ee39697eefeae7c29489.mp3','size':8796872,'filename':'Kello on yksi.mp3'}","{'url':'198564591eef711f0bd1f640a940231310849d7f14b6733822175110227b1d3e.pdf','size':1092331,'filename':'Kello on yksi.pdf'}","{'url':'920d6c925dd9e27908a188db28a3371d4cac629cbe3ebe08376b01896b2c28ec.pdf','size':377162,'filename':'Kello on yksi.pdf'}",2,2024-02-02T11:18:55.528Z,2024-10-22T12:04:11.796Z
1,"EILEN, TÄNÄÄN, HUOMENNA","{'url':'29887fc5107b254f4bfebf45bc7a126a00d818160ac0baeacdd32f730bb5364c.png','size':133113,'width':676,'height':676,'filename':'MUOK_Eilen, tänään, huomenna.png','metadata':{'width':676,'height':676,'blurHash':'e*SE?yxu*Ji_VspcjZrXW;W;yDbbRPn%aK$*WBR*ozozjZjZaebboz','blurHashWidth':32}}",https://player.vimeo.com/video/911964024,"{'url':'3420828baba54b6b13bdb8fe1b405ca8bf10c2bc3f4873ebaf38b135334cfc20.mp3','size':5687840,'filename':'Eilen, tänään, huomenna_KARAOKE.mp3'}",AIKAKÄSITTEET,"{'url':'5b58a84c2bcbdb6dcba9aa421cced5076d8cc216e9287c8f69872bf920028665.mp3','size':5688884,'filename':'Eilen, tänään, huomenna.mp3'}",,"{'url':'4074e74af6ca5b2a391575953820c6a6769030ac4f93a5e7343b605ed64c732f.pdf','size':225834,'filename':'Eilen, tänään, huomenna.pdf'}",1,2024-02-02T11:04:05.838Z,2024-09-30T14:20:40.555Z
